Type,Cloud,Clear,Rain
Pedestrians,0.617501764,0.241354975,0.14114326
Car,0.587878788,0.109090909,0.303030303
Uncertain,0.513375165,0.086030383,0.400594452
Overall,0.484511259,0.10217363,0.413315111
